,rns,mrt,smsa,med,iq,kww,age,s,expr,lw
count,758.0,758.0,758.0,758.0,758.0,758.0,758.0,758.0,758.0,758.0
mean,0.2691292875989446,0.5145118733509235,0.7044854881266491,10.910290237467018,103.85620052770449,36.57387862796834,21.83509234828496,13.405013192612138,1.735428757827955,5.686738782319042
std,0.4438001283645013,0.5001193640786894,0.45657496565265787,2.7411198610541385,13.618666082329122,7.30224651891663,2.9817557406019115,2.2318284114039515,2.105542485008676,0.42894936290183555
min,0.0,0.0,0.0,0.0,54.0,12.0,16.0,9.0,0.0,4.605000019073486
25%,0.0,0.0,0.0,9.0,95.25,32.0,20.0,12.0,0.2815000042319298,5.380000114440918
50%,0.0,1.0,1.0,12.0,104.0,37.0,22.0,12.0,0.9600000083446503,5.684000015258789
75%,1.0,1.0,1.0,12.0,113.75,41.0,24.0,16.0,2.4399999380111694,5.991000175476074
max,1.0,1.0,1.0,18.0,145.0,56.0,30.0,18.0,11.444000244140625,7.051000118255615
